{
  "timestamp": "2025-09-01T10:18:11.320195+00:00",
  "agent_count": 100,
  "p50_latency_ms": 2.727389335632324,
  "p95_latency_ms": 4.473650455474853,
  "p99_latency_ms": 4.740493297576904,
  "max_latency_ms": 5.222320556640625,
  "requests_per_second": 36.634090542595374,
  "successful_requests": 2200,
  "failed_requests": 0,
  "error_rate": 0.0,
  "memory_mb": 6.1875,
  "cpu_percent": 1.0,
  "meets_p99_target": 